"String ID","Source text","Translation","Context","Path","Filename"
"1","0","nula","","SYSTEM","0000.wav"
"2","1","jedna","","SYSTEM","0001.wav"
"3","2","dva","","SYSTEM","0002.wav"
"4","3","3","","SYSTEM","0003.wav"
"5","4","4","","SYSTEM","0004.wav"
"6","5","5","","SYSTEM","0005.wav"
"7","6","6","","SYSTEM","0006.wav"
"8","7","7","","SYSTEM","0007.wav"
"9","8","8","","SYSTEM","0008.wav"
"10","9","9","","SYSTEM","0009.wav"
"11","10","10","","SYSTEM","0010.wav"
"12","11","11","","SYSTEM","0011.wav"
"13","12","12","","SYSTEM","0012.wav"
"14","13","13","","SYSTEM","0013.wav"
"15","14","14","","SYSTEM","0014.wav"
"16","15","15","","SYSTEM","0015.wav"
"17","16","16","","SYSTEM","0016.wav"
"18","17","17","","SYSTEM","0017.wav"
"19","18","18","","SYSTEM","0018.wav"
"20","19","19","","SYSTEM","0019.wav"
"21","20","20","","SYSTEM","0020.wav"
"22","21","21","","SYSTEM","0021.wav"
"23","22","22","","SYSTEM","0022.wav"
"24","23","23","","SYSTEM","0023.wav"
"25","24","24","","SYSTEM","0024.wav"
"26","25","25","","SYSTEM","0025.wav"
"27","26","26","","SYSTEM","0026.wav"
"28","27","27","","SYSTEM","0027.wav"
"29","28","28","","SYSTEM","0028.wav"
"30","29","29","","SYSTEM","0029.wav"
"31","30","30","","SYSTEM","0030.wav"
"32","31","31","","SYSTEM","0031.wav"
"33","32","32","","SYSTEM","0032.wav"
"34","33","33","","SYSTEM","0033.wav"
"35","34","34","","SYSTEM","0034.wav"
"36","35","35","","SYSTEM","0035.wav"
"37","36","36","","SYSTEM","0036.wav"
"38","37","37","","SYSTEM","0037.wav"
"39","38","38","","SYSTEM","0038.wav"
"40","39","39","","SYSTEM","0039.wav"
"41","40","40","","SYSTEM","0040.wav"
"42","41","41","","SYSTEM","0041.wav"
"43","42","42","","SYSTEM","0042.wav"
"44","43","43","","SYSTEM","0043.wav"
"45","44","44","","SYSTEM","0044.wav"
"46","45","45","","SYSTEM","0045.wav"
"47","46","46","","SYSTEM","0046.wav"
"48","47","47","","SYSTEM","0047.wav"
"49","48","48","","SYSTEM","0048.wav"
"50","49","49","","SYSTEM","0049.wav"
"51","50","50","","SYSTEM","0050.wav"
"52","51","51","","SYSTEM","0051.wav"
"53","52","52","","SYSTEM","0052.wav"
"54","53","53","","SYSTEM","0053.wav"
"55","54","54","","SYSTEM","0054.wav"
"56","55","55","","SYSTEM","0055.wav"
"57","56","56","","SYSTEM","0056.wav"
"58","57","57","","SYSTEM","0057.wav"
"59","58","58","","SYSTEM","0058.wav"
"60","59","59","","SYSTEM","0059.wav"
"61","60","60","","SYSTEM","0060.wav"
"62","61","61","","SYSTEM","0061.wav"
"63","62","62","","SYSTEM","0062.wav"
"64","63","63","","SYSTEM","0063.wav"
"65","64","64","","SYSTEM","0064.wav"
"66","65","65","","SYSTEM","0065.wav"
"67","66","66","","SYSTEM","0066.wav"
"68","67","67","","SYSTEM","0067.wav"
"69","68","68","","SYSTEM","0068.wav"
"70","69","69","","SYSTEM","0069.wav"
"71","70","70","","SYSTEM","0070.wav"
"72","71","71","","SYSTEM","0071.wav"
"73","72","72","","SYSTEM","0072.wav"
"74","73","73","","SYSTEM","0073.wav"
"75","74","74","","SYSTEM","0074.wav"
"76","75","75","","SYSTEM","0075.wav"
"77","76","76","","SYSTEM","0076.wav"
"78","77","77","","SYSTEM","0077.wav"
"79","78","78","","SYSTEM","0078.wav"
"80","79","79","","SYSTEM","0079.wav"
"81","80","80","","SYSTEM","0080.wav"
"82","81","81","","SYSTEM","0081.wav"
"83","82","82","","SYSTEM","0082.wav"
"84","83","83","","SYSTEM","0083.wav"
"85","84","84","","SYSTEM","0084.wav"
"86","85","85","","SYSTEM","0085.wav"
"87","86","86","","SYSTEM","0086.wav"
"88","87","87","","SYSTEM","0087.wav"
"89","88","88","","SYSTEM","0088.wav"
"90","89","89","","SYSTEM","0089.wav"
"91","90","90","","SYSTEM","0090.wav"
"92","91","91","","SYSTEM","0091.wav"
"93","92","92","","SYSTEM","0092.wav"
"94","93","93","","SYSTEM","0093.wav"
"95","94","94","","SYSTEM","0094.wav"
"96","95","95","","SYSTEM","0095.wav"
"97","96","96","","SYSTEM","0096.wav"
"98","97","97","","SYSTEM","0097.wav"
"99","98","98","","SYSTEM","0098.wav"
"100","99","99","","SYSTEM","0099.wav"
"101","100","sto","","SYSTEM","0100.wav"
"102","200","dvěsta","","SYSTEM","0101.wav"
"103","300","třista","","SYSTEM","0102.wav"
"104","400","čtyřista","","SYSTEM","0103.wav"
"105","500","pětset","","SYSTEM","0104.wav"
"106","600","šestset","","SYSTEM","0105.wav"
"107","700","sedmset","","SYSTEM","0106.wav"
"108","800","osmset","","SYSTEM","0107.wav"
"109","900","devětset","","SYSTEM","0108.wav"
"110","thousand","tisíc","","SYSTEM","0109.wav"
"111","thousands","tisíce","","SYSTEM","0110.wav"
"112","","jeden","","SYSTEM","0111.wav"
"113","","jedno","","SYSTEM","0112.wav"
"114","","dvě","","SYSTEM","0113.wav"
"115","","celá","","SYSTEM","0114.wav"
"116","","celé","","SYSTEM","0115.wav"
"117","","celých","","SYSTEM","0116.wav"
"118","minus","mínus","","SYSTEM","0117.wav"
"119","volt","volt","","SYSTEM","volt0.wav"
"120","volts","volty","","SYSTEM","volt1.wav"
"121","voltů","voltů","","SYSTEM","volt2.wav"
"122","voltu","voltu","","SYSTEM","volt3.wav"
"123","amp","ampér","","SYSTEM","amp0.wav"
"124","amps","ampéry","","SYSTEM","amp1.wav"
"125","ampérů","ampérů","","SYSTEM","amp2.wav"
"126","ampéru","ampéru","","SYSTEM","amp3.wav"
"127","milliamp","miliampér","","SYSTEM","mamp0.wav"
"128","milliamps","miliampéry","","SYSTEM","mamp1.wav"
"129","miliampérů","miliampérů","","SYSTEM","mamp2.wav"
"130","miliampéru","miliampéru","","SYSTEM","mamp3.wav"
"131","knot","uzel","","SYSTEM","knot0.wav"
"132","knots","uzly","","SYSTEM","knot1.wav"
"133","uzlů","uzlů","","SYSTEM","knot2.wav"
"134","uzlu","uzlu","","SYSTEM","knot3.wav"
"135","metre per second","metr za sekundu","","SYSTEM","mps0.wav"
"136","metres per second","metry za sekundu","","SYSTEM","mps1.wav"
"137","metrů za sekundu","metrů za sekundu","","SYSTEM","mps2.wav"
"138","metru za sekundu","metru za sekundu","","SYSTEM","mps3.wav"
"139","foot per second","stopa za sekundu","","SYSTEM","fps0.wav"
"140","feet za sekundu","stopy za sekundu","","SYSTEM","fps1.wav"
"141","stop za sekundu","stop za sekundu","","SYSTEM","fps2.wav"
"142","stopy za sekundu","stopy za sekundu","","SYSTEM","fps3.wav"
"143","kilometre per hour","kilometr za hodinu","","SYSTEM","kph0.wav"
"144","kilometres per hour","kilometry za hodinu","","SYSTEM","kph1.wav"
"145","kilometrů za hodinu","kilometrů za hodinu","","SYSTEM","kph2.wav"
"146","kilometru za hodinu","kilometru za hodinu","","SYSTEM","kph3.wav"
"147","mile per hour","míle za hodinu","","SYSTEM","mph0.wav"
"148","miles per hour","míle za hodinu","","SYSTEM","mph1.wav"
"149","mil za hodinu","mil za hodinu","","SYSTEM","mph2.wav"
"150","míle za hodinu","míle za hodinu","","SYSTEM","mph3.wav"
"151","meter","metr","","SYSTEM","meter0.wav"
"152","meters","metry","","SYSTEM","meter1.wav"
"153","metrů","metrů","","SYSTEM","meter2.wav"
"154","metru","metru","","SYSTEM","meter3.wav"
"155","foot","stopa","","SYSTEM","foot0.wav"
"156","feet","stopy","","SYSTEM","foot1.wav"
"157","stop","stop","","SYSTEM","foot2.wav"
"158","stopy","stopy","","SYSTEM","foot3.wav"
"159","degree celsius","stupeň celsia","","SYSTEM","celsius0.wav"
"160","degrees celsius","stupně celsia","","SYSTEM","celsius1.wav"
"161","stupňů celsia","stupňů celsia","","SYSTEM","celsius2.wav"
"162","stupně celsia","stupně celsia","","SYSTEM","celsius3.wav"
"163","degree fahrenheit","stupeň fahrenheita","","SYSTEM","fahr0.wav"
"164","degrees fahrenheit","stupně fahrenheita","","SYSTEM","fahr1.wav"
"165","stupňů fahrenheita","stupňů fahrenheita","","SYSTEM","fahr2.wav"
"166","stupně fahrenheita","stupně fahrenheita","","SYSTEM","fahr3.wav"
"167","percentage","procento","","SYSTEM","percent0.wav"
"168","percent","procenta","","SYSTEM","percent1.wav"
"169","procent","procent","","SYSTEM","percent2.wav"
"170","procenta","procenta","","SYSTEM","percent3.wav"
"171","milliamp-hour","miliampérhodina","","SYSTEM","mamph0.wav"
"172","milliamp-hours","miliampérhodiny","","SYSTEM","mamph1.wav"
"173","miliampérhodin","miliampérhodin","","SYSTEM","mamph2.wav"
"174","miliampérhodiny","miliampérhodiny","","SYSTEM","mamph3.wav"
"175","watt","vat","","SYSTEM","watt0.wav"
"176","watts","vaty","","SYSTEM","watt1.wav"
"177","vatů","vatů","","SYSTEM","watt2.wav"
"178","vatu","vatu","","SYSTEM","watt3.wav"
"179","milli-watt","milivat","","SYSTEM","mwatt0.wav"
"180","milli-watts","milivaty","","SYSTEM","mwatt1.wav"
"181","milivatů","milivatů","","SYSTEM","mwatt2.wav"
"182","milivatu","milivatu","","SYSTEM","mwatt3.wav"
"183","decibel","decibel","","SYSTEM","db0.wav"
"184","decibels","decibely","","SYSTEM","db1.wav"
"185","decibelů","decibelů","","SYSTEM","db2.wav"
"186","decibelu","decibelu","","SYSTEM","db3.wav"
"187","RPM","otáčka za minutu","","SYSTEM","rpm0.wav"
"188","RPM za minutu","otáčky za minutu","","SYSTEM","rpm1.wav"
"189","otáček za minutu","otáček za minutu","","SYSTEM","rpm2.wav"
"190","otáčky za minutu","otáčky za minutu","","SYSTEM","rpm3.wav"
"191","g","gé","","SYSTEM","g0.wav"
"192","g","gé","","SYSTEM","g1.wav"
"193","gé","gé","","SYSTEM","g2.wav"
"194","gé","gé","","SYSTEM","g3.wav"
"195","degree","stupeň","","SYSTEM","degree0.wav"
"196","degrees","stupně","","SYSTEM","degree1.wav"
"197","stupňů","stupňů","","SYSTEM","degree2.wav"
"198","stupně","stupně","","SYSTEM","degree3.wav"
"199","radian","radián","","SYSTEM","rad0.wav"
"200","radians","radiány","","SYSTEM","rad1.wav"
"201","radiánů","radiánů","","SYSTEM","rad2.wav"
"202","radiánu","radiánu","","SYSTEM","rad3.wav"
"203","millilitre","mililitr","","SYSTEM","ml0.wav"
"204","millilitres","mililitry","","SYSTEM","ml1.wav"
"205","mililitrů","mililitrů","","SYSTEM","ml2.wav"
"206","mililitru","mililitru","","SYSTEM","ml3.wav"
"207","fluid ounce","dutá unce","","SYSTEM","founce0.wav"
"208","fluid ounces","duté unce","","SYSTEM","founce1.wav"
"209","dutých uncí","dutých uncí","","SYSTEM","founce2.wav"
"210","duté unce","duté unce","","SYSTEM","founce3.wav"
"211","millilitre per minute","milliliter per minute","","SYSTEM","mlpm0.wav"
"212","milliliters per minute","milliliters per minute","","SYSTEM","mlpm1.wav"
"213","hour","hodina","","SYSTEM","hour0.wav"
"214","hertz","hertz","","SYSTEM","hertz0.wav"
"215","hertz","hertzů","","SYSTEM","hertz1.wav"
"216","milli-second","milisekunda","","SYSTEM","ms0.wav"
"217","milli-seconds","milisekund","","SYSTEM","ms1.wav"
"218","microsecond","mikrosekunda","","SYSTEM","us0.wav"
"219","microseconds","mikrosekund","","SYSTEM","us1.wav"
"220","hours","hodiny","","SYSTEM","hour1.wav"
"221","hodin","hodin","","SYSTEM","hour2.wav"
"222","hodiny","hodiny","","SYSTEM","hour3.wav"
"223","minute","minuta","","SYSTEM","minute0.wav"
"224","minutes","minuty","","SYSTEM","minute1.wav"
"225","minut","minut","","SYSTEM","minute2.wav"
"226","minuty","minuty","","SYSTEM","minute3.wav"
"227","second","sekunda","","SYSTEM","second0.wav"
"228","seconds","sekundy","","SYSTEM","second1.wav"
"229","sekund","sekund","","SYSTEM","second2.wav"
"230","sekundy","sekundy","","SYSTEM","second3.wav"
"231","trim center","střed trimu","","SYSTEM","midtrim.wav"
"232","maximum trim reached","maximum trimu","","SYSTEM","maxtrim.wav"
"233","minimum trim reached","minimum trimu","","SYSTEM","mintrim.wav"
"234","timer 1 elapsed","stopky 1 doběhly","","SYSTEM","timovr1.wav"
"235","timer 2 elapsed","stopky 2 doběhly","","SYSTEM","timovr2.wav"
"236","timer 3 elapsed","stopky 3 doběhly","","SYSTEM","timovr3.wav"
"237","transmitter battery low","baterie rádia je vybitá","","SYSTEM","lowbatt.wav"
"238","inactivity alarm","zapoměl jsi na mě","","SYSTEM","inactiv.wav"
"239","throttle warning","plyn není na nule","","SYSTEM","thralert.wav"
"240","switch warning","přepínače nejsou ve výchozí poloze","","SYSTEM","swalert.wav"
"241","bad eeprom","neplatná eeprom","","SYSTEM","eebad.wav"
"242","Welcome to EdgeTX","Žádám o povolení ke startu.","","SYSTEM","hello.wav"
"243","Tak zase příště","Tak zase příště","","SYSTEM","bye.wav"
"244","RF signal low","nízký RF signál","","SYSTEM","rssi_org.wav"
"245","RF signal critical","kritický RF signál","","SYSTEM","rssi_red.wav"
"246","radio antenna defective","problém s anténou rádia","","SYSTEM","swr_red.wav"
"247","telemetry lost","telemetrie ztracena","","SYSTEM","telemko.wav"
"248","telemetry recovered","telemetrie je funkční","","SYSTEM","telemok.wav"
"249","Trainer connected","Trenér připojen","","SYSTEM","trainco.wav"
"250","trainer signal lost","trenér port odpojen","","SYSTEM","trainko.wav"
"251","trainer signal recovered","trenér port připojen","","SYSTEM","trainok.wav"
"252","sensor lost","senzor ztracen","","SYSTEM","sensorko.wav"
"253","servo overload","servo přetíženo","","SYSTEM","servoko.wav"
"254","power overload","r f přebuzeno","","SYSTEM","rxko.wav"
"255","receiver still connected","přijímač stále připojen","","SYSTEM","modelpwr.wav"
"256","podvozek je zasunut","podvozek je zasunut","","","podvo0.wav"
"257","podvozek je vysunut","podvozek je vysunut","","","podvo1.wav"
"258","klapky jsou zapnuty","klapky jsou zapnuty","","","klapk1.wav"
"259","klapky jsou vypnuty","klapky jsou vypnuty","","","klapk0.wav"
"260","trenér je zapnut","trenér je zapnut","","","trene1.wav"
"261","trenér je vypnutý","trenér je vypnutý","","","trene0.wav"
"262","motor je vypnut","motor je vypnut","","","motor0.wav"
"263","motor je aktivován","motor je aktivován","","","motor1.wav"
"264","jsi příliš vysoko","jsi příliš vysoko","","","vysoko.wav"
"265","jsi příliš nízko","jsi příliš nízko","","","nizko.wav"
"266","baterie modelu je vybitá","baterie modelu je vybitá","","","bat0.wav"
"267","dochází palivo","dochází palivo","","","palivo.wav"
"268","nízký signál","nízký signál","","","nsigna.wav"
"269","kritický signál","kritický signál","","","ksigna.wav"
"270","rychlý režim aktivován","rychlý režim aktivován","","","rrychl.wav"
"271","termický režim aktivován","termický režim aktivován","","","rtermi.wav"
"272","normální režim aktivován","normální režim aktivován","","","rnorm.wav"
"273","režim start aktivován","režim start aktivován","","","rstart.wav"
"274","režim přistání aktivován","režim přistání aktivován","","","prista.wav"
"275","vario is on","vario je zapnuto","","","vario0.wav"
"276","vario is off","vario je vypnuto","","","vario1.wav"
"277","start povolen","start povolen","","","start1.wav"
"278","flight mode 1","letový režim jedna","","","fm-1.wav"
"279","flight mode 2","letový režim dva","","","fm-2.wav"
"280","flight mode 3","letový režim tři","","","fm-3.wav"
"281","flight mode 4","letový režim čtyři","","","fm-4.wav"
"282","flight mode 5","letový režim pět","","","fm-5.wav"
"283","flight mode 6","letový režim šest","","","fm-6.wav"
"284","flight mode 7,","letový režim sedm","","","fm-7.wav"
"285","flight mode 8","letový režim osm","","","fm-8.wav"
"286","flight mode 9","letový režim devět","","","fm-9.wav"
"287","Autorotation","autorotace","","","auro.wav"
"288","Telemetry connected","Připojená telemetrie","","SYSTEM","telemco.wav"
"289","level mode","režim úrovně","flight controller","","lvlmod.wav"
"290","point zero","celá nula","","SYSTEM","0167.wav"
"291","point one","celá jedna","","SYSTEM","0168.wav"
"292","point two","celá dva","","SYSTEM","0169.wav"
"293","point three","celá tři","","SYSTEM","0170.wav"
"294","point four","celá čtyři","","SYSTEM","0171.wav"
"295","point five","celá pět","","SYSTEM","0172.wav"
"296","point six","celá šest","","SYSTEM","0173.wav"
"297","point seven","celá sedm","","SYSTEM","0174.wav"
"298","point eight","celá osm","","SYSTEM","0175.wav"
"299","point nine","celá devět","","SYSTEM","0176.wav"
"300","armed","armováno","","","armed.wav"
"301","disarmed","disarmováno","","","disarm.wav"
"302","throttle cut","plyn odpojen","","","thrcut.wav"
"303","throttle active","plyn aktivní","","","thract.wav"
"304","gear up","podvozek zasunut","plane","","gearup.wav"
"305","gear down","podvozek vysunut","plane","","geardn.wav"
"306","flaps up","klapky zasunuty","plane","","flapup.wav"
"307","flaps down","klapky vysunuty","plane","","flapdn.wav"
"308","spoiler up","spoilery vysunuty","","","splrup.wav"
"309","spoiler down","spoilery zasunuty","","","splrdn.wav"
"310","trainer on","trenér, zapnut","","","trnon.wav"
"311","trainer off","trenér, vypnut","","","trnoff.wav"
"312","engine off","motor, vypnut","","","engoff.wav"
"313","too high","příliš vysoko","","","tohigh.wav"
"314","too low","příliš nízko","","","tolow.wav"
"315","low battery","slabá baterie","","","lowbat.wav"
"316","crow on","krokodýl, zapnut","","","crowon.wav"
"317","crow off","krokodýl, vypnut","","","crowof.wav"
"318","RF signal low","slabý signál","rc-link","","siglow.wav"
"319","RF signal critical","kritický signál","rc-link","","sigcrt.wav"
"320","LQ","el kvé","rc-link","","lq.wav"
"321","RF mode","er ef režim","rc-link","","rfmode.wav"
"322","high speed mode active","rychlý režim aktivní","rc-link","","spdmod.wav"
"323","thermal mode on","termický režim zapnut","","","thmmod.wav"
"324","normal mode on","normální režim zapnut","","","nrmmod.wav"
"325","landing mode on","režim přistání zapnut","","","lnding.wav"
"326","acro mode on","režim akro zapnut","","","acro.wav"
"327","vario on","vario, zapnuto","","","vrion.wav"
"328","vario off","vario, vypnuto","","","vrioff.wav"
"329","flight mode power","letový režim výkon","","","fm-pwr.wav"
"330","flight mode land","letový režim přistání","","","fm-lnd.wav"
"331","flight mode float","letový režim plovoucí","","","fm-flt.wav"
"332","flight mode speed","letový režim rychlost","","","fm-spd.wav"
"333","flight mode fast","letový režim rychlý","","","fm-fst.wav"
"334","flight mode normal","letový režim normální","","","fm-nrm.wav"
"335","flight mode cruise","letový režim cestovní","","","fm-crs.wav"
"336","flight mode acro","letový režim akro","","","fm-acr.wav"
"337","flight mode race","letový režim závodní","","","fm-rce.wav"
"338","flight mode launch","letový režim start","","","fm-lch.wav"
"339","flight mode ping","letový režim ping","","","fm-png.wav"
"340","flight mode thermal","letový režim termika","","","fm-thm.wav"
"341","flight mode thermal left","letový režim termika vlevo","","","fm-thl.wav"
"342","flight mode thermal right","letový režim termika vpravo","","","fm-thr.wav"
"343","flight mode stabilize","letový režim stabilizace","","","fm-stb.wav"
"344","flight mode horizon","letový režim horizont","","","fm-hor.wav"
"345","flight mode angle","letový režim endžl","","","fm-ang.wav"
"346","flight mode idle up 1","letový režim ajdl ap jedna","","","fm-id1.wav"
"347","flight mode idle up 2","letový režim ajdl ap dva","","","fm-id2.wav"
"348","low rate","nízké rejty","","","ratlow.wav"
"349","medium rate","střední rejty","","","ratmed.wav"
"350","high rate","vysoké rejty","","","rathi.wav"
"351","take off","vzlet","","","takeof.wav"
"352","sport","sport","","","sport.wav"
"353","pattern","sestava","","","pattrn.wav"
"354","3D","tři dé","","","3d.wav"
"355","landing","přistání","","","landin.wav"
"356","idle up 1","ajdl ap jedna","","","idleu1.wav"
"357","idle up 2","ajdl ap dva","","","idleu2.wav"
"358","normal mode","normální režim","","","normod.wav"
"359","bank 0","banka nula","","","bank-0.wav"
"360","bank 1","banka jedna","","","bank-1.wav"
"361","bank 2","banka dva","","","bank-2.wav"
"362","bank 3","banka tři","","","bank-3.wav"
"363","heading lock","zámek směru","","","headlo.wav"
"364","rate mode","rejt mód","","","ratmod.wav"
"365","3D Mode","režim tři dé","","","3d-mod.wav"
"366","stabilize mode","režim stabilizace","","","stabmo.wav"
"367","on","zapnuto","","","on.wav"
"368","off","vypnuto","","","off.wav"
"369","buzzer active","bzučák aktivní","","","buzact.wav"
"370","crash-flip active","režim želva aktivní","multicopter","","crfact.wav"
"371","blackbox active","blekbox aktivní","","","blkact.wav"
"372","pre-arm active","prí arm aktivní","","","preact.wav"
"373","stable mode","stabilní režim","","","stbmod.wav"
"374","brakes on","brzdy, zapnuty","plane","","brakon.wav"
"375","brakes off","brzdy, vypnuty","plane","","brakof.wav"
"376","butterfly on","motýlek, zapnut","","","btfon.wav"
"377","butterfly off","motýlek, vypnut","","","btfoff.wav"
"378","flaps one","klapky jedna","plane","","flp1.wav"
"379","flaps two","klapky dva","plane","","flp2.wav"
"380","flaps three","klapky tři","plane","","flp3.wav"
"381","flaps four","klapky čtyři","plane","","flp4.wav"
"382","flaps five","klapky pět","plane","","flp5.wav"
"383","wingsweep","šípovitost křídla","plane","","wngswp.wav"
"384","wheelbrakes on","brzdy kol, zapnuty","plane","","whlbro.wav"
"385","wheelbrakes off","brzdy kol, vypnuty","plane","","whlbrf.wav"
"386","manual mode","manuální režim","","","manmod.wav"
"387","acro mode","režim akro","","","acrmod.wav"
"388","angle mode","režim endžl","","","angmod.wav"
"389","horizon mode","režim horizont","","","hznmod.wav"
"390","launch mode","režim start","","","lncmod.wav"
"391","air mode","er mód","","","airmod.wav"
"392","pit mode","pit mód","","","pitmod.wav"
"393","navigation cruise","navigace, cestovní režim","autopilot","","navcrs.wav"
"394","navigation course hold","navigace, držení kurzu","autopilot","","navcsh.wav"
"395","navigation altitude hold","navigace, držení výšky","autopilot","","navalh.wav"
"396","navigation position hold","navigace, držení pozice","autopilot","","navpos.wav"
"397","navigation return to home","navigace, návrat domů","autopilot","","navrth.wav"
"398","navigation waypoint","navigace, vejpoint","autopilot","","navwp.wav"
"399","cruise","cestovní režim","autopilot","","cruise.wav"
"400","course hold","držení kurzu","autopilot","","crshld.wav"
"401","altitude hold","držení výšky","autopilot","","althld.wav"
"402","position hold","držení pozice","autopilot","","poshld.wav"
"403","return to home","návrat domů","autopilot","","rth.wav"
"404","waypoint","vejpoint","autopilot","","waypnt.wav"
"405","manual","manuál","","","manual.wav"
"406","auto","auto","","","auto.wav"
"407","OSD","ó es dé","video","","osd.wav"
"408","OSD profile","ó es dé profil","video","","osdprf.wav"
"409","attitude hold mode","režim držení polohy","autopilot","","sxrahd.wav"
"410","manual mode","manuální režim","","","sxrman.wav"
"411","stabilizer mode","režim stabilizace","","","sxrsmd.wav"
"412","stabilizer off","stabilizace, vypnuta","","","sxrsof.wav"
"413","stabilizer on","stabilizace, zapnuta","","","sxrstb.wav"
"414","wind rejection mode","režim potlačení větru","","","sxrwr.wav"
"415","turtle mode on","želví režim, zapnut","multicopter","","turton.wav"
"416","turtle mode off","želví režim, vypnut","multicopter","","turtof.wav"
"417","flip","flip","","","flip.wav"
"418","failsafe active","fejlsejf, aktivní","","","fsact.wav"
"419","failsafe off","fejlsejf, vypnut","","","fsoff.wav"
"420","OSD Profile 1","ó es dé profil jedna","video","","osd1.wav"
"421","OSD Profile 2","ó es dé profil dva","video","","osd2.wav"
"422","OSD Profile 3","ó es dé profil tři","video","","osd3.wav"
"423","rate profile 1","rejt profil jedna","","","rates1.wav"
"424","rate profile 2","rejt profil dva","","","rates2.wav"
"425","rate profile 3","rejt profil tři","","","rates3.wav"
"426","rate profile 4","rejt profil čtyři","","","rates4.wav"
"427","rate profile 5","rejt profil pět","","","rates5.wav"
"428","rate profile 6","rejt profil šest","","","rates6.wav"
"429","stick commands disabled","povely kniplem vypnuty","","","scmdof.wav"
"430","stick commands enabled","povely kniplem zapnuty","","","scmdon.wav"
"431","telemetry","telemetrie","","","telem.wav"
"432","telemetry logging on","záznam telemetrie zapnut","","","tlogon.wav"
"433","telemetry logging off","záznam telemetrie vypnut","","","tlogof.wav"
"434","VTX","vé té iks","video","","vtx.wav"
"435","VTX on","vé té iks, zapnut","video","","vtxon.wav"
"436","VTX off","vé té iks, vypnut","video","","vtxoff.wav"
"437","VTX 25 milliwatts","vé té iks, dvacet pět miliwattů","video","","vtx25.wav"
"438","VTX 50 milliwatts","vé té iks, padesát miliwattů","video","","vtx50.wav"
"439","VTX 100 milliwatts","vé té iks, sto miliwattů","video","","vtx100.wav"
"440","VTX 200 milliwatts","vé té iks, dvě stě miliwattů","video","","vtx200.wav"
"441","VTX 300 milliwatts","vé té iks, tři sta miliwattů","video","","vtx300.wav"
"442","VTX 400 milliwatts","vé té iks, čtyři sta miliwattů","video","","vtx400.wav"
"443","VTX 500 milliwatts","vé té iks, pět set miliwattů","video","","vtx500.wav"
"444","VTX 600 milliwatts","vé té iks, šest set miliwattů","video","","vtx600.wav"
"445","VTX 700 milliwatts","vé té iks, sedm set miliwattů","video","","vtx700.wav"
"446","VTX 800 milliwatts","vé té iks, osm set miliwattů","video","","vtx800.wav"
"447","VTX 900 milliwatts","vé té iks, devět set miliwattů","video","","vtx900.wav"
"448","VTX Pit Mode","vé té iks, pit mód","video","","vtxpm.wav"
"449","VTX Race Mode","vé té iks, závodní režim","video","","vtxrm.wav"
"450","VTX 1 watt","vé té iks, jeden watt","video","","vtx1w.wav"
"451","VTX 2 watts","vé té iks, dva watty","video","","vtx2w.wav"
"452","VTX 4 watts","vé té iks, čtyři watty","video","","vtx4w.wav"
"453","critical low battery","kriticky nízká baterie","","","clobat.wav"
"454","start","start","","","start.wav"
"455","stop","stop","","","stop.wav"
"456","lights on","světla, zapnuta","","","lghton.wav"
"457","lights off","světla, vypnuta","","","lghtof.wav"
"458","buzzer off","bzučák, vypnut","","","buzoff.wav"
"459","dynamic TX power","dynamický vysílací výkon","rc-link","","dyntxp.wav"
"460","maximum TX power","maximální vysílací výkon","rc-link","","maxtxp.wav"
"461","throttle hold","držení plynu","plane/heli","","thrhld.wav"
"462","throttle idle","volnoběh","plane/heli","","thridl.wav"
"463","throttle release","plyn uvolněn","plane/heli","","thrrel.wav"
"464","negative pitch allowed","záporný náběh povolen","heli","","negpon.wav"
"465","negative pitch disallowed","záporný náběh zakázán","heli","","negpof.wav"
"466","autolaunch started","automatický start zahájen","autopilot","","alnch.wav"
"467","rescue mode active","záchranný režim aktivní","autopilot","","rscmon.wav"
"468","rescue mode off","záchranný režim vypnut","autopilot","","rscmof.wav"
"469","headfree mode active","hedfrí režim aktivní","multicopter","","hdfmon.wav"
"470","headfree mode off","hedfrí režim vypnut","multicopter","","hdfmof.wav"
"471","heading adjust","nastavení kurzu","multicopter","","hdadj.wav"
"472","FPV angle mix active","ef pé vé úhlový mix aktivní","multicopter","","agmxon.wav"
"473","FPV angle mix off","ef pé vé úhlový mix vypnut","multicopter","","agmxof.wav"
"474","air mode on","er mód zapnut","","","airmon.wav"
"475","air mode off","er mód vypnut","","","airmof.wav"
"476","OSD on","ó es dé, zapnuto","video","","osdon.wav"
"477","OSD off","ó es dé, vypnuto","video","","osdoff.wav"
"478","return to home started","návrat domů zahájen","autopilot","","rthstr.wav"
"479","return to home stopped","návrat domů ukončen","autopilot","","rthstp.wav"
"480","waypoint navigation started","navigace po vejpointech zahájena","autopilot","","wpnstr.wav"
"481","waypoint navigation stopped","navigace po vejpointech ukončena","autopilot","","wpnstp.wav"
"482","course hold active","držení kurzu aktivní","autopilot","","crshon.wav"
"483","course hold off","držení kurzu vypnuto","autopilot","","crshof.wav"
"484","position hold active","držení pozice aktivní","autopilot","","poshon.wav"
"485","position hold off","držení pozice vypnuto","autopilot","","poshof.wav"
"486","altitude hold active","držení výšky aktivní","autopilot","","althon.wav"
"487","altitude hold off","držení výšky vypnuto","autopilot","","althof.wav"
"488","loiter","kroužení","autopilot","","loiter.wav"
"489","safety on","pojistka, zapnuta","","","sftyon.wav"
"490","safety off","pojistka, vypnuta","","","sftyof.wav"
"491","SAFE on","sejf, zapnut","plane","","safeon.wav"
"492","SAFE off","sejf, vypnut","plane","","safeof.wav"
"493","flight envelope protection active","ochrana letové obálky aktivní","plane","","fepact.wav"
"494","flight envelope protection off","ochrana letové obálky vypnuta","plane","","fepoff.wav"
"495","timer 1 reset","časovač jedna vynulován","","","timrs1.wav"
"496","timer 2 reset","časovač dva vynulován","","","timrs2.wav"
"497","timer 3 reset","časovač tři vynulován","","","timrs3.wav"
"498","expo 1","expo jedna","","","expo1.wav"
"499","expo 2","expo dva","","","expo2.wav"
"500","expo 3","expo tři","","","expo3.wav"
"501","active","aktivní","","","active.wav"
"502","deactivated","deaktivováno","","","deact.wav"
"503","enabled","povoleno","","","enabl.wav"
"504","disabled","zakázáno","","","disabl.wav"
"505","good","dobré","","","good.wav"
"506","bad","špatné","","","bad.wav"
"507","normal","normální","","","normal.wav"
"508","warning","varování","","","warnng.wav"
"509","danger","nebezpečí","","","danger.wav"
"510","ready to fly","připraven k letu","","","ready.wav"
"511","home reset","domácí bod nastaven","","","homrst.wav"
"512","GPS","gé pé es","","","gps.wav"
"513","GPS on","gé pé es, zapnuto","","","gpson.wav"
"514","GPS off","gé pé es, vypnuto","","","gpsoff.wav"
"515","VTX Frequency R1","vé té iks, frekvence er jedna","video","","vtxfr1.wav"
"516","VTX Frequency R2","vé té iks, frekvence er dva","video","","vtxfr2.wav"
"517","VTX Frequency R3","vé té iks, frekvence er tři","video","","vtxfr3.wav"
"518","VTX Frequency R4","vé té iks, frekvence er čtyři","video","","vtxfr4.wav"
"519","VTX Frequency R5","vé té iks, frekvence er pět","video","","vtxfr5.wav"
"520","VTX Frequency R6","vé té iks, frekvence er šest","video","","vtxfr6.wav"
"521","VTX Frequency R7","vé té iks, frekvence er sedm","video","","vtxfr7.wav"
"522","VTX Frequency R8","vé té iks, frekvence er osm","video","","vtxfr8.wav"
"523","VTX Maximum Power","vé té iks, maximální výkon","video","","vtxmax.wav"
"524","blackbox erase","mazání blekboxu","","","blkers.wav"
"525","acro trainer mode","režim akro trenér","","","actnmd.wav"
"526","Camera wifi button","kamera, tlačítko wi-fi","camera","","cwifi.wav"
"527","Camera power button","kamera, tlačítko napájení","camera","","cpower.wav"
"528","Camera change mode","kamera, změna režimu","camera","","cmode.wav"
"529","Camera start","kamera, start","camera","","cstart.wav"
"530","Camera stop","kamera, stop","camera","","cstop.wav"
"531","Recording start","nahrávání zahájeno","","","recsrt.wav"
"532","Recording stop","nahrávání ukončeno","","","recstp.wav"
"533","Start recording","spustit nahrávání","","","strtrc.wav"
"534","Stop recording","zastavit nahrávání","","","stoprc.wav"
"535","DBM","dé bé em","","SYSTEM","dbm0.wav"
"536","DBM","dé bé em","","SYSTEM","dbm1.wav"
"537","kilometer","kilometr","","SYSTEM","km0.wav"
"538","kilometers","kilometry","","SYSTEM","km1.wav"
"539","Reverse Thrust","reverzní tah","plane","","revthr.wav"
"540","Reverse Thrust On","reverzní tah zapnut","plane","","revon.wav"
"541","Reverse Thrust Off","reverzní tah vypnut","plane","","revoff.wav"
"542","Reverse Thrust Idle","reverzní tah volnoběh","plane","","revid.wav"
"543","Forward Thrust","dopředný tah","plane","","revfwd.wav"
"544","diffs locked","uzávěrky zamčeny","car","","difloc.wav"
"545","diffs unlocked","uzávěrky odemčeny","car","","difulc.wav"
"546","engine start","start motoru","car","","engsrt.wav"
"547","engine stop","vypnutí motoru","car","","engstp.wav"
"548","engine on","motor zapnut","car","","engon.wav"
"549","Turn signals on","blinkry zapnuty","car","","turnon.wav"
"550","Turn signals off","blinkry vypnuty","car","","turnof.wav"
"551","High gear","vysoký převod","car","","highgr.wav"
"552","Low gear","nízký převod","car","","lowgr.wav"
"553","Dig mode","režim dig","car","","digmod.wav"
"554","Two wheel drive","pohon dvou kol","car","","2wd.wav"
"555","Four wheel drive","pohon čtyř kol","car","","4wd.wav"
"556","Winch in","naviják navíjí","car","","wchin.wav"
"557","Winch out","naviják odvíjí","car","","wchout.wav"
"558","Front Steer","řízení přední","car","","str-f.wav"
"559","Rear Steer","řízení zadní","car","","str-r.wav"
"560","Four Wheel Steer","řízení všech kol","car","","str-4w.wav"
"561","Mirror Steer","zrcadlové řízení","car","","str-mr.wav"
"562","Crab Steer","krabí řízení","car","","str-cr.wav"
"563","Motor armed","motory armovány","soaretx","","motarm.wav"
"564","Power","výkon","soaretx","","power.wav"
"565","Speed","rychlost","soaretx","","speed.wav"
"566","Thermal","termika","soaretx","","therml.wav"
"567","Front wheel drive","přední pohon","car","","fwd.wav"
"568","Rear wheel drive","zadní pohon","car","","rwd.wav"
"569","All wheel drive","pohon všech kol","car","","awd.wav"
"570","Throttle enabled","plyn povolen","car","","thren.wav"
"571","Throttle disabled","plyn zakázán","car","","thrdis.wav"
"572","Winch enabled","naviják povolen","car","","wchen.wav"
"573","Winch disabled","naviják zakázán","car","","wchdis.wav"
"574","Drift mode on","drift režim zapnut","car","","drifon.wav"
"575","Drift mode off","drift režim vypnut","car","","drifof.wav"
"576","Gyro enabled","gyro povoleno","","","gyroon.wav"
"577","Gyro disabled","gyro zakázáno","","","gyroof.wav"
"578","Launch control active","kontrola startu aktivní","","","launch.wav"
"579","Wet mode enabled","mokrý režim povolen","","","wetmde.wav"
"580","Max gyro","maximální gyro","","","maxgyr.wav"
"581","Max assistance","maximální asistence","","","maxast.wav"
"582","Overheating","přehřívání","","","overht.wav"
"583","Motor overheating","přehřívání motoru","","","mothot.wav"
"584","Drift Mode Enabled","drift režim povolen","","","drifen.wav"
"585","Drift Mode Disabled","drift režim zakázán","","","drifdb.wav"
"586","Screenshot","snímek obrazovky","","","screns.wav"
"587","Cell","článek","","","cell.wav"
"588","Transmitter Battery Low","baterie vysílače slabá","","","txbatl.wav"
"589","Left","vlevo","","","left.wav"
"590","Right","vpravo","","","right.wav"
"591","Shift","řazení","","","shift.wav"
"592","Stability Control On","kontrola stability zapnuta","","","sbcton.wav"
"593","Stability Control Off","kontrola stability vypnuta","","","sbctof.wav"
"594","Stability Control Enabled","kontrola stability povolena","","","sbcten.wav"
"595","Stability Control Disabled","kontrola stability zakázána","","","sbctdb.wav"
"596","Thermal Warning","tepelné varování","","","thmwrn.wav"
"597","Servo Overload","přetížení serva","","","srvovl.wav"
"598","BEC Overload","přetížení bé é cé","","","becovl.wav"
"599","Stability Control","kontrola stability","","","sbct.wav"
"600","Stability Control - Standard","kontrola stability, standardní","","","sbctst.wav"
"601","Gyro","gyro","","","gyro.wav"
"602","Low","nízká","","","low.wav"
"603","Medium","střední","","","medium.wav"
"604","High","vysoká","","","high.wav"
"605","Standard","standardní","","","stanrd.wav"
"606","Bash Mode","režim bash","car","","bashmd.wav"
"607","Race Mode","závodní režim","car","","racemd.wav"
"608","Chill Mode","klidový režim","car","","chilmd.wav"
"609","Trainer Mode","režim trenér","car","","trnmd.wav"
"610","Speed Mode","rychlostní režim","car","","spdmd.wav"
"611","City Mode","městský režim","car","","citymd.wav"
"612","Cruise Mode","cestovní režim","car","","crusmd.wav"
"613","Flaps Middle","klapky střední","plane","","flapmd.wav"
"614","Flaps Full","klapky plné","plane","","flapfl.wav"
"615","Motor On","motor zapnut","","","moton.wav"
"616","Motor Off","motor vypnut","","","motoff.wav"
"617","Motor Idle","motor volnoběh","","","motidl.wav"
"618","Autorotation","autorotace","heli","","autor.wav"
"619","Rescue On","záchrana zapnuta","","","reson.wav"
"620","High Temperature","vysoká teplota","","","htemp.wav"
"621","High Vibration","vysoké vibrace","","","hvibr.wav"
"622","Glow On","žhavení zapnuto","","","glwon.wav"
"623","Glow Off","žhavení vypnuto","","","glwoff.wav"
"624","Glow Activated","žhavení aktivováno","","","glwact.wav"
"625","Glow Deactivated","žhavení deaktivováno","","","glwdea.wav"
"626","Track Mode","režim trať","Car","","trkmd.wav"
"627","Drag brake","brzda motorem","Car","","dbrk.wav"
"628","Drag brake on","brzda motorem zapnuta","Car","","dbrkon.wav"
"629","Drag brake off","brzda motorem vypnuta","Car","","dbrkof.wav"
"630","Drag brake Low","brzda motorem nízká","Car","","dbrklw.wav"
"631","Drag brake Medium","brzda motorem střední","Car","","dbrkmd.wav"
"632","Drag brake High","brzda motorem vysoká","Car","","dbrkhi.wav"
"633","Snapflap On","snapflap zapnut","Plane","","snapfon.wav"
"634","Snapflap Off","snapflap vypnut","Plane","","snapfof.wav"
"635","Snapflap Low","snapflap nízký","Plane","","snapflo.wav"
"636","Snapflap High","snapflap vysoký","Plane","","snapfhi.wav"
"637","Auto tune","automatické ladění","Plane","","autotun.wav"
"638","Auto level trim","automatické vyrovnání trimu","Plane","","alvltrim.wav"
"639","Servo auto trim","automatický trim serva","Plane","","srvatrim.wav"
"640","open","otevřít","","","open.wav"
"641","close","zavřít","","","close.wav"
"642","locked","zamčeno","","","locked.wav"
"643","unlocked","odemčeno","","","unlckd.wav"
"644","canopy","kabina","","","canopy.wav"
"645","bind","párování","","","bind.wav"
"646","wings extending","křídla se rozkládají","","","vgext.wav"
"647","wings extended","křídla rozložena","","","vgextd.wav"
"648","wings folding","křídla se skládají","","","vgfold.wav"
"649","wings folded","křídla složena","","","vgfldd.wav"
